ID,Rmax,Protein,Absorption,Extensibility,DDT,Stability
W18-0520,284.5,11.31,64.4,19.8,5.69,7.53
W18-0521,436,12.09,64.4,24.17,7.46,10.18
W18-0522,400.5,11.36,64.7,20.19,6.94,9.87
W18-0523,492.5,12.98,63.6,23.32,6.88,10.74
W18-0524,416,12.39,67.6,21.9,7,10.08
W18-0526,472,12.01,63.8,21.33,7.68,13
W18-0527,548,11.73,62,23.07,7.28,13.32
W18-0528,582,12.39,65,24.49,6.94,16.37
W18-0529,408.5,12.29,64,24.07,6.59,9.4
W18-0530,486.5,12.3,64.4,24.39,6.1,15.68
W18-0531,323.5,11.94,68.8,19.05,5.91,8.34
W18-0532,428,12.04,68.2,23.32,5.91,9.9
W18-0533,399,11.65,66.6,21.93,6.63,9.03
W18-0534,536,11.9,63.5,21.75,8.5,12.11
W18-0536,449.5,12.07,63.1,23.35,6.91,10.27
W18-0538,452.5,12.06,63,21.68,7.25,11.08
W18-0539,552.5,13.08,65.5,22.43,8.65,13.91
W18-0540,484.5,13.07,65.8,24.78,8.46,14.07
W18-0543,410,12.76,65.9,24.17,5.31,8.9
W18-0544,427,12.06,65,22.75,6.62,9.06
W18-0586,469,11.75,64.2,23.25,5.5,12.73
W18-0587,533,12.26,62.5,23.64,7.31,12.17
W18-0589,441.5,12.16,61.9,20.44,6.81,9.62
W18-0593,434,12.39,63.4,22.3,7.09,8.96
W18-0595,514.5,11.5,62.7,21.08,8.59,13.76
W18-0596,537.5,11.25,61.8,19.8,6.66,13.97
W18-0597,447,10.75,62.3,22.07,5.69,11.51
W18-0598,587.5,11.94,63,22.71,7.03,15.37
W18-0744,380.5,11.63,65.1,25.49,5.63,9.68
W18-0756,504.5,11.75,64.1,24.36,6.16,14.12
W18-0761,561.5,11.5,61.7,22.15,12.29,31.96
W18-0762,602.5,10.95,60.6,21.04,8.93,23.93
W18-0763,458,10.95,63,22.04,7.19,11.77
W18-0766,509.5,11.36,64.1,21.83,6.07,13.82
W18-1281,321,10.22,61.4,16.53,4.04,8.03
W18-1282,222.5,10.21,63.8,17.17,4.07,5.64
W18-1284,322,9.91,64.2,20.01,4.94,7.63
W18-1285,402,10.25,64,21.12,4.39,9.78
W18-1286,467,9.81,61.6,18.56,7.16,12.17
W18-1287,443.5,9.11,60.9,16.71,5.66,9.25
W18-1288,400,9.5,62,18.13,5.56,8.25
W18-1289,407,9.27,62.9,16.11,5.35,9.93
W18-1290,360,9.78,62.6,18.13,5.85,8.28
W18-1302,276.5,8.8,61.7,16.57,2.65,6.5
W18-1303,307.5,7.85,61.8,14.84,4.29,7.42
W18-1304,316,8.45,63.6,16.57,1.46,7.25
W18-1305,299.5,7.95,64.7,17.28,1.8,6.32
W18-1306,328,9.16,62.7,19.2,4.36,8.14
W18-1307,337,7.1,61.7,14.79,0.9,1.58
W18-1308,324,7.18,63.5,13.83,0.95,1.14
W18-1310,335.5,6.15,58.2,13.08,0.98,4.01
W18-1311,430,6.9,58.8,12.58,0.86,1.51
W18-1312,350.5,7.3,60,14.4,1.36,4.54
W18-1313,346,7.56,63,15.32,4.27,8.14
W18-1315,350,8.35,62.6,16.17,4.83,7.32
W18-1317,340.5,7.67,61.9,14.15,2.63,6.18
W18-1318,407,9.85,63.7,17.84,4.96,8.99
W18-1319,353,8.43,61.2,16.88,4.02,6.6
W18-1321,356.5,8.39,61.9,14.89,1.38,8
W18-1325,308.5,6.59,65.5,11.38,0.99,0.96
W18-1326,305,8.87,67.9,17.92,3.81,6.33
W18-1327,399,7.46,63.7,14.08,0.76,1.04
W18-1328,567,8.32,58.5,15.96,1.08,10.6
W18-1329,437.5,11.05,61.9,22.32,5.93,10.48
W18-1331,259.5,6.88,59.4,13.08,1.62,4.36
W18-1332,344.5,7.05,59.9,13.97,1.08,2.18
W18-1333,331.5,6.95,60.2,14.5,1.14,5.02
W18-1334,375,7.04,59.1,15.39,1.3,6.31
W18-1335,230,7.13,64.8,13.33,1.13,3.22
W18-1336,375.5,7.24,62.8,14.5,1.04,4.19
W18-1337,289.5,9.07,64.1,15.93,3.92,6.15
W18-1338,331,7.17,61.8,12.48,0.92,1.23
W18-1339,382.5,8.66,63.4,15.07,1.18,6.03
W18-1340,312,9.03,64.6,17.17,3.63,6.69
W18-1342,388,7.79,60.6,13.05,1.18,6.77
W18-1343,392.5,8.97,59.9,17.06,3.95,9.05
W18-1344,477,9.06,62.2,17.52,5.68,12.53
W18-1346,474,7.66,62.5,14.47,1.11,8.18
W18-1348,345,8.17,63,15.25,1.74,7.19
W18-1349,423,8.43,63.1,17.28,1.23,17.95
W18-1350,337.5,7.45,64.2,14.93,3.41,5.49
W18-1352,440.5,8.59,62.6,15.36,6.22,10
W18-1353,318.5,8.94,62.7,18.66,4.27,6.66
W18-1354,343.5,8.07,61.5,14.51,1.71,8.21
W18-1356,357,7.57,63,13.29,1.11,6.88
W18-1357,450,9.87,62.1,16.64,5.81,9.98
W18-1377,481.5,9.39,61,18.63,6.03,12.68
W18-1379,405,9.28,63,18.81,5.24,8.58
W18-1380,419,7.48,62.5,13.9,1.11,7.25
W18-1382,489.5,7.8,58.5,12.3,1.04,8.93
W18-1383,422,8.47,63.1,15.85,4.52,7.95
W18-1384,438,8.58,64.7,16.78,6.6,9.91
W18-1385,303,7.66,63.6,13.22,1.27,4.29
W18-1386,308,7.19,63,12.58,1.2,5.27
W18-1387,343.5,7.27,62.2,13.9,0.95,5.18
W18-1388,448,9.5,62.6,17.24,5.05,10.58
W18-1389,393.5,7.97,63.4,14.29,1.04,2.9
W18-1391,472.5,9.1,62.1,16.78,5.99,13.48
W18-1394,497.5,8.45,62.6,16.17,1.68,12.33
W18-1397,383,7.76,57.5,15.68,1.14,6.53
W18-1400,275.5,7.79,62.6,13.51,3.13,6.68
W18-1401,314.5,7.68,62.2,12.58,1.27,7.33
W18-1402,401.5,7.59,60.8,13.01,1.14,5.9
W18-1403,362,7.82,61.7,13.1,1.11,5.84
W18-1404,370,7.78,63.8,13.97,1.08,4.76
W18-1405,398.5,8.79,63,16.46,6.44,10.03
W18-1406,337.5,7.4,63.5,12.55,0.92,4.13
W18-1407,492.5,8.19,60.3,15.29,1.23,11.08
W18-1408,435.5,7.78,60,15.85,1.43,7.85
W18-1410,336,8.37,59.4,16.35,1.14,7.04
W18-1411,380,8.68,62.3,17.1,2.43,7.26
W18-1413,407.5,6.68,58,12.26,0.92,1.2
W18-1417,320,5.67,54.3,12.87,0.95,4.83
W18-1419,308.5,6.59,55.8,12.05,1.02,2.9
W18-1420,257,7.08,53.5,13.4,3.83,5.96
W18-1421,347,6.78,52.9,14.22,1.02,6.43
W18-1341,424,8.37,61.4,14.79,1.18,8.87
W18-1396,296.5,8.68,59.6,14.61,2.75,6.69
W18-1316,285.5,8.05,64.2,13.92,1.68,5.67
W18-1393,305,8.07,58.2,16.81,3.6,7.13
W18-1381,458.5,8.46,59.5,16.85,1.27,9.98
W18-0591,532.5,11.65,62.7,21.93,7.31,12.51
W18-0765,378,11.42,65.5,20.87,5.01,9.05
W18-1390,421,8.56,62.1,15.53,5.91,9.47
W18-1323,335.5,7.43,61.1,12.12,1.11,3.32
W18-1320,380,8.07,63.5,14.15,0.98,1.45
W18-1355,302,7.78,61.9,12.83,1.43,6.38
W18-1345,324,8.14,65,15.71,4.04,6.5
W18-1399,356.5,7.35,58.7,12.58,1.14,5.81
W18-0742,490,10.66,63.3,20.16,6.07,29.53
W18-0750,563,11.16,62.9,21.33,6.9,16.37
W18-1309,343.5,6.17,60,12.23,0.86,1.29
W18-0535,430.5,12.8,64.3,22.43,6.66,10.15
W18-1330,367,7.28,62.7,14.5,1.23,2.02
W18-1283,337.5,9.52,63.2,16.96,3.3,7.19
